{
  "Rent": 9115.494628850347,
  "Loan_Repayment": 2049.8002915568945,
  "Insurance": 1455.0287605145606,
  "Groceries": 5205.667492917091,
  "Transport": 2704.4666850586427,
  "Eating_Out": 1461.856981509274,
  "Entertainment": 1448.8536576174345,
  "Utilities": 2504.9769529242394,
  "Healthcare": 1663.0817941353534,
  "Education": 2498.348421532444,
  "Miscellaneous": 830.5531808624384,
  "Income": 41585.49610420809,
  "Dependents": 1.99595
}